customer_id,first_name,last_name,email,phone,address,city
1,Darren,Ford,webbhenry@gmail.com,1314960810,"01 Williamson courts
Bowenstad
TW3 3NX",North Cameronstad
2,Dennis,Howarth,raymondjones@hill.net,+44(0)1144960919,"19 Allen mount
East Stephaniefort
M9 7FE",South Brianhaven
3,Eileen,Bates,andrew14@gmail.com,(0113) 496 0701,"1 Scott route
Whiteside
GL5N 4FF",South Victorhaven
4,Abdul,Ball,smithcarly@yahoo.co.uk,+44131 4960218,"00 O'Brien forest
Juliaside
DT01 2PL",Marshallchester
5,Catherine,Ward,rmartin@hotmail.co.uk,(0191) 4960983,"Studio 46
Natalie flat
Abbottshire
TQ5 3HP",South Callum
6,Phillip,Ryan,cartwrightjodie@harrison-brady.com,+44(0)141 496 0334,"Studio 45
Joshua points
South Julian
WR2 8WZ",Butlerberg
7,Zoe,Martin,perkinskelly@marsh-brooks.com,+44116 496 0600,"0 Sharon islands
South Donaldton
BT0 1EL",New Bradleyberg
8,Maureen,Edwards,pellis@lewis.com,4.41315E+11,"Studio 25R
Bruce curve
Natashaburgh
PH6 2JL",Adrianmouth
9,Iain,Chamberlain,cheryl43@yahoo.co.uk,0113 496 0310,"87 Debra fort
Jordanton
G1E 3QZ",Normanport
10,Jane,Duffy,reecepearce@yahoo.co.uk,(0808) 157 0453,"1 Humphries place
New Jake
SP7R 4FJ",West Jacquelinemouth
11,Sian,Phillips,tracey24@atkinson.com,+44(0)1134960551,"Studio 61m
Harris mountains
Albertville
M53 5DH",Jaynemouth
12,Claire,Jones,chelseakhan@yahoo.com,4.41175E+11,"Studio 27s
Stanley crest
South Carolynborough
N29 7RJ",Mitchellshire
13,Jonathan,Perkins,douglasrachael@outlook.com,(0306) 999 0555,"Flat 17X
Mitchell club
Grahamfurt
HX5 6BS",Katestad
14,Dean,Rowley,robinsonlisa@yahoo.com,(0121)4960046,"148 Harrison flats
Dawsonstad
HS3P 5RS",Charlesport
15,Jacob,Wilkinson,kirsty01@turner-hughes.com,+44808 1570990,"Studio 2
Ali oval
East Carolberg
RH5 9BN",West Leahburgh
16,Gail,Evans,chelseajones@yahoo.com,4.41175E+11,"60 Dawson mission
Andrewland
ZE27 3YE",Katherineberg
17,Matthew,Wyatt,tony99@sanderson.com,(020) 7496 0283,"Flat 95
Beverley forge
South Valerie
E1H 2RB",New Laurenfort
18,Stephen,Andrews,dennis65@thomson.org,+4429 2018 0499,"3 Lynn plaza
New Chloe
CA3Y 6TE",Hughview
19,Karen,Green,zwilliams@jones.com,4.41135E+11,"Studio 9
Lesley stream
New Charlieborough
EH57 0BD",Port Lauren
20,Linda,Foster,bernardcox@hotmail.com,+44(0)306 999 0283,"Studio 89p
May fall
North Kennethmouth
NW0 5HU",North Clareshire
21,Janice,Martin,julie49@hammond-ward.com,+44(0)151 4960097,"Flat 7
Jones road
Annport
GY7 5HS",South Georginabury
22,Dorothy,Yates,shane03@gmail.com,+44(0)20 7496 0668,"863 Newton ridges
South Declanton
OL6X 8EL",Rachaelton
23,Anthony,Bull,wprice@yahoo.com,1184960679,"Studio 53
Max mountains
North Edwardville
L78 7DP",Port Melaniefurt
24,Amanda,Tomlinson,pellis@outlook.com,+44114 496 0989,"987 Keith meadows
Alexandraton
W6U 5GR",Lake Charlenemouth
25,Margaret,Chapman,summerslouise@hotmail.com,(01632) 960864,"Studio 33
Hopkins dam
Robertsonburgh
B07 4GR",West Clifford
26,Natalie,McKenzie,clarkrichard@barnett.com,(0306) 9990271,"Flat 06v
Finch highway
Royport
B60 3JG",Leighshire
27,Carol,Williams,dayrussell@hotmail.co.uk,(0113)4960344,"Studio 7
Kelly creek
South Russellport
S6 6WS",Daviesberg
28,Andrea,Henry,holliedavidson@hotmail.com,+44(0)121 4960350,"312 Douglas forges
North Justinberg
G5 1PS",Port Christopherborough
29,Mohammed,Webb,henryhart@gmail.com,0141 4960636,"Flat 03G
Robinson springs
North Jay
N60 6WB",Lynnland
30,Alan,Stokes,ccook@barker.biz,+44(0)1632 960779,"Flat 67
Edwards prairie
Baileyside
E90 2EH",Leeport
31,Sheila,Lowe,mprice@woods-taylor.com,0118 496 0349,"Studio 41
Francesca oval
Camerontown
B00 5ZZ",New Georginamouth
32,Grace,Warren,bjones@davis.com,028 9018816,"1 Patel freeway
Fordberg
EC44 9EX",Abbiemouth
33,Rachel,Lane,brandonhussain@davies-osborne.info,029 2018279,"Studio 01X
Roberts divide
Murphyburgh
W6D 9WA",Leslieport
34,Frances,Bradshaw,pmckenzie@yahoo.co.uk,(0118) 496 0423,"Flat 95
Gerald haven
Terenceburgh
N0F 4JE",Wallisview
35,Derek,Mitchell,rowefrances@hotmail.co.uk,(0161)4960045,"6 Wright point
West Wayneton
N9 3RR",Brownborough
36,Philip,West,cameronwarren@hotmail.co.uk,+44(0)151 496 0415,"22 Smith common
New Benbury
UB79 4PN",New Bruce
37,Ian,Jenkins,irenedoyle@lewis.com,292018319,"Studio 30r
Harper parkway
North Neil
M7 2ND",Port Elizabethburgh
38,Mohammed,Powell,wreed@hotmail.co.uk,(01632) 960541,"Studio 83
Chan knolls
Joanberg
M7U 7TP",Edwardsborough
39,Gregory,Bennett,sarahslater@wilson-russell.biz,+44(0)117 4960562,"68 Scott stravenue
Port Gareth
B3 3UE",Wendyhaven
40,Kim,Robinson,newtongeorgia@hussain.biz,+44(0)1134960630,"Flat 25
Bennett fort
East Paigeland
W41 2SU",Newmanmouth
41,Max,Thomas,griffithsteresa@hotmail.co.uk,0113 496 0318,"33 Kate village
Butlertown
L0G 2XJ",East Katie
42,Clive,Wilson,mary82@burns.com,+44(0)121 4960640,"4 Francis trail
Mooreborough
M23 6WF",New Kayleigh
43,Jamie,Davies,samuelgriffiths@parsons.info,(0113) 496 0890,"41 Denis courts
Abbieburgh
S35 1AL",Port Susanmouth
44,Bryan,Garner,michellejones@yahoo.co.uk,(028) 9018514,"Flat 6
Julie fork
Clareshire
B82 6RW",Sheilaton
45,Kim,Jennings,andersonvictor@smith.org,0131 496 0077,"Studio 79
Holt greens
Ritamouth
WC2 1PS",Hughesburgh
46,Rosemary,Graham,leethomas@holden.com,+44118 4960385,"62 Frederick plain
West William
M9 1RZ",Cliveport
47,Grace,Cox,djohnson@gmail.com,(0114)4960645,"Flat 68
Fisher forges
Chloemouth
CH77 4FE",East Samuel
48,Frances,Jones,bsharpe@barker.info,+44(0)808 1570020,"Studio 69d
Justin course
Hardinghaven
B8J 4PL",East Margaretfurt
49,Hannah,Baker,stephanie20@smith-heath.com,4.41145E+11,"718 Ross port
Tracyshire
RM1A 5ZR",Port Martin
50,Tom,Jones,turnercolin@pritchard.info,+44(0)1154960127,"90 Jake neck
Port Natashafort
L1B 0AA",Alanstad
51,Julian,Khan,zjames@outlook.com,(0141) 4960929,"432 Nathan motorway
Pearsonberg
DL96 4YP",Phillipview
52,Jemma,Jackson,qpalmer@foster.com,(0114) 4960831,"36 Wright overpass
Williamsmouth
B0B 9LD",Samuelport
53,Annette,Yates,williamskarl@jones.net,+44(0)1914960274,"Flat 72G
Joel glens
Lake Trevorview
L40 5NP",North Julianmouth
54,Ryan,Law,justinmitchell@yahoo.com,0113 496 0072,"071 Hughes center
North Victor
L89 3GE",Bernardbury
55,Kieran,Harrison,shannon07@hotmail.com,+44(0)1184960459,"5 Roger mountain
Morganland
MK7 4FL",North Steven
56,Helen,Tucker,curtiskarl@hughes.com,1144960187,"Studio 8
Maurice dam
Stuarthaven
N13 0DR",Marshallbury
57,Josephine,Wilkins,tonylawrence@yahoo.com,+44(0)117 496 0355,"4 Albert squares
Clarkechester
G3 9TQ",West Jessicachester
58,Paula,Davies,richardsedward@hotmail.co.uk,+44(0)1314960377,"Studio 55L
Thomas extensions
Holtland
NW48 4UU",New Emma
59,Dorothy,Lowe,connollyronald@hotmail.com,029 2018 0725,"72 Watson view
Spencerfurt
BH9X 6FH",Trevorbury
60,Maurice,West,brucehall@wallace-marshall.net,0114 496 0232,"95 O'Neill roads
Frankshire
M9 1HT",East Molly
61,Donald,Khan,cherylmellor@yahoo.co.uk,+44(0)1614960872,"Flat 46v
Butler skyway
Hillmouth
E0E 0BE",North Jeremy
62,Charlene,Campbell,dylan16@mccarthy-miller.com,4.49099E+11,"Flat 64k
Naylor squares
Dianeside
B3 9YH",North Nathan
63,Bryan,Walker,ypalmer@gmail.com,+44(0)115 4960548,"Studio 63
Jones path
South Rebecca
G52 8GF",Daviesshire
64,Naomi,Singh,zelliott@kemp.biz,+44(0)909 879 0508,"234 Gray fields
Woodchester
M94 8NX",Johnsonchester
65,Jack,Jarvis,lucy10@hotmail.com,+44(0)306 999 0996,"7 Taylor summit
Anthonyfort
PH3 9AW",East Kayleighhaven
66,Paul,Kay,trevorwalker@ward-miller.biz,+44909 8790247,"4 Birch river
West Abigailburgh
CH3B 1DB",New Jamietown
67,Zoe,Wood,ejackson@hall-young.net,1154960792,"Flat 64P
Atkinson ford
South Malcolm
L0 7NW",Frenchberg
68,Denise,Jenkins,fdodd@outlook.com,+44(0)191 4960982,"Studio 0
Abdul trafficway
North Lucymouth
NP0 1ZY",East Susan
69,Douglas,Taylor,andrewscaroline@stewart-short.info,(0909) 879 0503,"Studio 04
Lindsey wall
West Iantown
SK08 6PS",Joannebury
70,Jemma,Davison,june42@lane.com,0151 496 0478,"Studio 7
Lesley expressway
Colemanville
S7H 3HL",East Eleanor
71,Denis,Davey,grace80@gmail.com,+44(0)117 496 0828,"3 Philip trail
Ronaldtown
CT9 8QX",Port Jodieside
72,Beverley,Hayward,keithrobertson@whitehead.com,+44(0)191 4960962,"8 Sian centers
Allanberg
DG3B 6LR",Ahmedview
73,Roger,Robson,scottashleigh@little.net,0121 496 0198,"Flat 2
Murphy greens
Woodborough
HA77 0XP",East Paula
74,Edward,Davies,chadwicklynn@jackson-clark.co.uk,292018269,"524 Carter corner
Burketown
S95 5QW",Port Josephstad
75,Dale,Rose,moconnor@gmail.com,1214960227,"Flat 56
Collins parkways
West Mauricehaven
ME6 1BQ",Port Diana
76,Olivia,Leach,nashdiana@matthews.biz,+44(0)29 2018690,"Studio 65
Brown coves
Longmouth
TA3N 9YT",Bakerland
77,Conor,Thomas,georgia00@outlook.com,(0118)4960144,"8 Toby fields
North Amber
W7 0NU",Fisherhaven
78,Lesley,Morgan,yatesben@turner.com,(0116) 4960693,"1 Ronald camp
South Arthur
TD64 7GG",South Deanfurt
79,Scott,Ellis,thughes@wyatt.com,+44121 4960331,"Studio 52S
Chambers tunnel
West Liam
OL21 6LX",Lake Leighberg
80,Elaine,Kirby,fberry@hotmail.com,+4420 7496 0940,"Flat 7
Leonard fork
Lake Lauren
B8T 9GR",Port Rhysfort
81,Anthony,Roberts,jodie97@hotmail.com,(0116) 496 0721,"8 Phillip meadow
Lake Michelle
G19 3QX",North Harriet
82,Jeffrey,Lewis,amorris@outlook.com,(0131) 4960626,"04 Turner ridge
New Leslie
M0S 0GP",Lake Arthur
83,Malcolm,Sykes,ebowen@hotmail.co.uk,(01632)960191,"33 Brown ports
Jonathanburgh
S7D 2JY",West Joe
84,Ben,Burton,jonesjoanna@yahoo.co.uk,0306 9990352,"790 Julie lakes
South William
DN3W 8HY",Dixonside
85,Sara,Spencer,goughcallum@hotmail.co.uk,4.4307E+11,"Studio 8
Kay streets
North Williamside
CH3 7YS",Patelfurt
86,Scott,Jones,kate57@cartwright.info,1164960743,"Flat 51
Turner circles
Lesleyville
L24 3SW",Lucyside
87,Jeremy,Winter,joneshugh@middleton.com,(0121) 496 0885,"Studio 96
Wells vista
Danielfort
CV2W 5XF",West Max
88,Alexander,Evans,morrisdominic@yahoo.co.uk,020 74960464,"9 Clarke key
Rhysstad
WS4W 6LW",Port Samuelmouth
89,Hazel,Armstrong,daviesphilip@george-parker.com,292018034,"096 Carter plaza
Lambview
B3 2BJ",North Leonchester
90,Roy,Warner,mmorris@outlook.com,(0191) 4960820,"Flat 1
West hollow
Clarkmouth
RG19 0YR",Port Guy
91,Carl,Kelly,forsterbeverley@hotmail.com,(0191) 496 0383,"Studio 69
Collins mountain
East Saramouth
M4 2SN",Charlieview
92,Norman,Wells,gerardpalmer@smith.com,+44(0)1614960250,"Flat 0
Newton summit
Butlertown
SE28 8GP",Arnoldmouth
93,James,Stevenson,julian08@hotmail.com,+44(0)20 74960310,"Studio 61
Olivia pass
Josephineview
W3 0US",Bensonbury
94,Angela,Holmes,ghussain@grant.net,0161 496 0493,"46 Hawkins walk
Jayneside
W2E 9PA",Patelmouth
95,Leah,Austin,suzannetaylor@yahoo.com,+44(0)141 496 0991,"0 Lane run
Port Douglasview
WA3H 0PL",New Wayne
96,Josh,Knight,stanley29@gmail.com,+44(0)151 4960168,"2 Griffiths passage
Janiceton
M68 8DS",New Emmatown
97,Owen,Andrews,bbradshaw@brennan-higgins.com,+44(0)131 496 0706,"12 Charles trail
Port Kim
EC2Y 1SE",Charleneside
98,Gemma,Stephens,josh70@rogers.biz,020 7946 0957,"Flat 01
Edwards roads
New Beth
BS1R 2NZ",East Ian
99,Clare,Martin,terrywalsh@yahoo.co.uk,(0909) 879 0680,"Flat 39
Francesca courts
South Jemma
S9 2GS",North Judith
100,Henry,Mitchell,smithkieran@yahoo.co.uk,(0131) 496 0495,"17 Jacob lights
East Joannaville
S90 8WB",Ericside
